experiment,script,seed,topology,grid_x,grid_y,N,edges,avg_degree,avg_k_target,n_features,n_traits,t_max,isolated_nodes,initial_unique_cultures,final_unique_cultures,stopping_step,frozen_step,frozen,stop_reason,successful_changes,endpoint_changes,target_changes,target_reached,feature_0_changes,feature_0_relative_changes,feature_1_changes,feature_1_relative_changes,feature_2_changes,feature_2_relative_changes,feature_3_changes,feature_3_relative_changes,feature_4_changes,feature_4_relative_changes,feature_5_changes,feature_5_relative_changes,feature_6_changes,feature_6_relative_changes,feature_7_changes,feature_7_relative_changes
survey_T1_to_T4_target_changes,axelrod_simulations,0,complete,10,10,343,58653,342.0,4,8,5,200000,0,265,310,3513,3513,False,target_reached,1157,801,801,True,82,0.10237203495630462,115,0.14357053682896379,119,0.14856429463171036,105,0.13108614232209737,58,0.07240948813982521,93,0.11610486891385768,106,0.132334581772784,123,0.15355805243445692
survey_T1_to_T4_target_changes,axelrod_simulations,1,complete,10,10,343,58653,342.0,4,8,5,200000,0,265,302,3633,3633,False,target_reached,1189,801,801,True,72,0.0898876404494382,100,0.12484394506866417,136,0.16978776529338327,104,0.12983770287141075,61,0.07615480649188515,107,0.13358302122347065,109,0.13607990012484394,112,0.13982521847690388
survey_T1_to_T4_target_changes,axelrod_simulations,2,complete,10,10,343,58653,342.0,4,8,5,200000,0,265,315,3389,3389,False,target_reached,1121,801,801,True,84,0.10486891385767791,119,0.14856429463171036,107,0.13358302122347065,105,0.13108614232209737,62,0.07740324594257178,97,0.12109862671660425,121,0.15106117353308365,106,0.132334581772784
survey_T1_to_T4_target_changes,axelrod_simulations,3,complete,10,10,343,58653,342.0,4,8,5,200000,0,265,299,3458,3458,False,target_reached,1149,801,801,True,84,0.10486891385767791,90,0.11235955056179775,111,0.13857677902621723,125,0.1560549313358302,78,0.09737827715355805,95,0.11860174781523096,107,0.13358302122347065,111,0.13857677902621723
survey_T1_to_T4_target_changes,axelrod_simulations,4,complete,10,10,343,58653,342.0,4,8,5,200000,0,265,304,3603,3603,False,target_reached,1202,801,801,True,92,0.11485642946317104,121,0.15106117353308365,110,0.1373283395755306,116,0.14481897627965043,79,0.0986267166042447,83,0.10362047440699126,87,0.10861423220973783,113,0.14107365792759052
survey_T1_to_T4_target_changes,axelrod_simulations,5,complete,10,10,343,58653,342.0,4,8,5,200000,0,265,315,3681,3681,False,target_reached,1194,801,801,True,90,0.11235955056179775,110,0.1373283395755306,101,0.12609238451935081,125,0.1560549313358302,77,0.09612983770287141,89,0.1111111111111111,107,0.13358302122347065,102,0.12734082397003746
survey_T1_to_T4_target_changes,axelrod_simulations,6,complete,10,10,343,58653,342.0,4,8,5,200000,0,265,315,3497,3497,False,target_reached,1159,801,801,True,95,0.11860174781523096,130,0.16229712858926343,88,0.10986267166042447,116,0.14481897627965043,64,0.07990012484394507,93,0.11610486891385768,114,0.14232209737827714,101,0.12609238451935081
survey_T1_to_T4_target_changes,axelrod_simulations,7,complete,10,10,343,58653,342.0,4,8,5,200000,0,265,305,3444,3444,False,target_reached,1153,801,801,True,94,0.11735330836454431,119,0.14856429463171036,124,0.15480649188514356,120,0.149812734082397,62,0.07740324594257178,82,0.10237203495630462,89,0.1111111111111111,111,0.13857677902621723
survey_T1_to_T4_target_changes,axelrod_simulations,8,complete,10,10,343,58653,342.0,4,8,5,200000,0,265,310,3265,3265,False,target_reached,1139,801,801,True,91,0.1136079900124844,119,0.14856429463171036,126,0.15730337078651685,105,0.13108614232209737,80,0.09987515605493133,73,0.09113607990012484,105,0.13108614232209737,102,0.12734082397003746
survey_T1_to_T4_target_changes,axelrod_simulations,9,complete,10,10,343,58653,342.0,4,8,5,200000,0,265,302,3590,3590,False,target_reached,1247,801,801,True,98,0.12234706616729088,106,0.132334581772784,123,0.15355805243445692,119,0.14856429463171036,65,0.08114856429463171,92,0.11485642946317104,100,0.12484394506866417,98,0.12234706616729088
survey_T1_to_T4_target_changes,axelrod_simulations,10,complete,10,10,343,58653,342.0,4,8,5,200000,0,265,312,3476,3476,False,target_reached,1130,801,801,True,95,0.11860174781523096,105,0.13108614232209737,102,0.12734082397003746,118,0.14731585518102372,57,0.07116104868913857,116,0.14481897627965043,109,0.13607990012484394,99,0.12359550561797752
survey_T1_to_T4_target_changes,axelrod_simulations,11,complete,10,10,343,58653,342.0,4,8,5,200000,0,265,301,3332,3332,False,target_reached,1149,801,801,True,84,0.10486891385767791,109,0.13607990012484394,117,0.14606741573033707,114,0.14232209737827714,66,0.08239700374531835,101,0.12609238451935081,110,0.1373283395755306,100,0.12484394506866417
survey_T1_to_T4_target_changes,axelrod_simulations,12,complete,10,10,343,58653,342.0,4,8,5,200000,0,265,309,3517,3517,False,target_reached,1191,801,801,True,78,0.09737827715355805,109,0.13607990012484394,133,0.16604244694132334,107,0.13358302122347065,61,0.07615480649188515,102,0.12734082397003746,115,0.14357053682896379,96,0.1198501872659176
survey_T1_to_T4_target_changes,axelrod_simulations,13,complete,10,10,343,58653,342.0,4,8,5,200000,0,265,307,3509,3509,False,target_reached,1182,801,801,True,82,0.10237203495630462,125,0.1560549313358302,120,0.149812734082397,113,0.14107365792759052,66,0.08239700374531835,88,0.10986267166042447,96,0.1198501872659176,111,0.13857677902621723
survey_T1_to_T4_target_changes,axelrod_simulations,14,complete,10,10,343,58653,342.0,4,8,5,200000,0,265,311,3535,3535,False,target_reached,1164,801,801,True,73,0.09113607990012484,108,0.1348314606741573,126,0.15730337078651685,119,0.14856429463171036,74,0.09238451935081149,100,0.12484394506866417,100,0.12484394506866417,101,0.12609238451935081
survey_T1_to_T4_target_changes,axelrod_simulations,15,complete,10,10,343,58653,342.0,4,8,5,200000,0,265,299,3802,3802,False,target_reached,1226,801,801,True,87,0.10861423220973783,117,0.14606741573033707,122,0.1523096129837703,101,0.12609238451935081,61,0.07615480649188515,87,0.10861423220973783,118,0.14731585518102372,108,0.1348314606741573
survey_T1_to_T4_target_changes,axelrod_simulations,16,complete,10,10,343,58653,342.0,4,8,5,200000,0,265,304,3446,3446,False,target_reached,1159,801,801,True,83,0.10362047440699126,120,0.149812734082397,116,0.14481897627965043,125,0.1560549313358302,67,0.08364544319600499,88,0.10986267166042447,108,0.1348314606741573,94,0.11735330836454431
survey_T1_to_T4_target_changes,axelrod_simulations,17,complete,10,10,343,58653,342.0,4,8,5,200000,0,265,311,3773,3773,False,target_reached,1220,801,801,True,72,0.0898876404494382,121,0.15106117353308365,121,0.15106117353308365,124,0.15480649188514356,60,0.0749063670411985,93,0.11610486891385768,114,0.14232209737827714,96,0.1198501872659176
survey_T1_to_T4_target_changes,axelrod_simulations,18,complete,10,10,343,58653,342.0,4,8,5,200000,0,265,314,3357,3357,False,target_reached,1112,801,801,True,78,0.09737827715355805,108,0.1348314606741573,118,0.14731585518102372,110,0.1373283395755306,71,0.08863920099875156,98,0.12234706616729088,109,0.13607990012484394,109,0.13607990012484394
survey_T1_to_T4_target_changes,axelrod_simulations,19,complete,10,10,343,58653,342.0,4,8,5,200000,0,265,306,3316,3316,False,target_reached,1130,801,801,True,70,0.08739076154806492,99,0.12359550561797752,131,0.16354556803995007,116,0.14481897627965043,69,0.08614232209737828,107,0.13358302122347065,103,0.1285892634207241,106,0.132334581772784
survey_T1_to_T4_target_changes,axelrod_simulations,20,complete,10,10,343,58653,342.0,4,8,5,200000,0,265,310,3429,3429,False,target_reached,1153,801,801,True,89,0.1111111111111111,118,0.14731585518102372,113,0.14107365792759052,125,0.1560549313358302,78,0.09737827715355805,87,0.10861423220973783,108,0.1348314606741573,83,0.10362047440699126
survey_T1_to_T4_target_changes,axelrod_simulations,21,complete,10,10,343,58653,342.0,4,8,5,200000,0,265,300,3533,3533,False,target_reached,1184,801,801,True,76,0.09488139825218476,114,0.14232209737827714,109,0.13607990012484394,123,0.15355805243445692,69,0.08614232209737828,79,0.0986267166042447,118,0.14731585518102372,113,0.14107365792759052
survey_T1_to_T4_target_changes,axelrod_simulations,22,complete,10,10,343,58653,342.0,4,8,5,200000,0,265,294,3398,3398,False,target_reached,1159,801,801,True,92,0.11485642946317104,107,0.13358302122347065,114,0.14232209737827714,112,0.13982521847690388,75,0.09363295880149813,89,0.1111111111111111,111,0.13857677902621723,101,0.12609238451935081
survey_T1_to_T4_target_changes,axelrod_simulations,23,complete,10,10,343,58653,342.0,4,8,5,200000,0,265,316,3330,3330,False,target_reached,1159,801,801,True,92,0.11485642946317104,127,0.1585518102372035,107,0.13358302122347065,117,0.14606741573033707,61,0.07615480649188515,86,0.10736579275905118,108,0.1348314606741573,103,0.1285892634207241
survey_T1_to_T4_target_changes,axelrod_simulations,24,complete,10,10,343,58653,342.0,4,8,5,200000,0,265,308,3586,3586,False,target_reached,1188,801,801,True,96,0.1198501872659176,97,0.12109862671660425,107,0.13358302122347065,116,0.14481897627965043,77,0.09612983770287141,94,0.11735330836454431,111,0.13857677902621723,103,0.1285892634207241
survey_T1_to_T4_target_changes,axelrod_simulations,25,complete,10,10,343,58653,342.0,4,8,5,200000,0,265,299,3485,3485,False,target_reached,1234,801,801,True,95,0.11860174781523096,107,0.13358302122347065,88,0.10986267166042447,118,0.14731585518102372,73,0.09113607990012484,96,0.1198501872659176,115,0.14357053682896379,109,0.13607990012484394
survey_T1_to_T4_target_changes,axelrod_simulations,26,complete,10,10,343,58653,342.0,4,8,5,200000,0,265,314,3505,3505,False,target_reached,1195,801,801,True,79,0.0986267166042447,117,0.14606741573033707,106,0.132334581772784,116,0.14481897627965043,58,0.07240948813982521,95,0.11860174781523096,127,0.1585518102372035,103,0.1285892634207241
survey_T1_to_T4_target_changes,axelrod_simulations,27,complete,10,10,343,58653,342.0,4,8,5,200000,0,265,303,3476,3476,False,target_reached,1176,801,801,True,90,0.11235955056179775,118,0.14731585518102372,113,0.14107365792759052,114,0.14232209737827714,58,0.07240948813982521,99,0.12359550561797752,104,0.12983770287141075,105,0.13108614232209737
survey_T1_to_T4_target_changes,axelrod_simulations,28,complete,10,10,343,58653,342.0,4,8,5,200000,0,265,310,3623,3623,False,target_reached,1168,801,801,True,85,0.10611735330836454,110,0.1373283395755306,126,0.15730337078651685,121,0.15106117353308365,62,0.07740324594257178,86,0.10736579275905118,101,0.12609238451935081,110,0.1373283395755306
survey_T1_to_T4_target_changes,axelrod_simulations,29,complete,10,10,343,58653,342.0,4,8,5,200000,0,265,304,3409,3409,False,target_reached,1116,801,801,True,64,0.07990012484394507,99,0.12359550561797752,134,0.16729088639200998,114,0.14232209737827714,63,0.07865168539325842,111,0.13857677902621723,107,0.13358302122347065,109,0.13607990012484394
survey_T1_to_T4_target_changes,axelrod_simulations,30,complete,10,10,343,58653,342.0,4,8,5,200000,0,265,313,3198,3198,False,target_reached,1128,801,801,True,73,0.09113607990012484,113,0.14107365792759052,129,0.16104868913857678,109,0.13607990012484394,64,0.07990012484394507,108,0.1348314606741573,112,0.13982521847690388,93,0.11610486891385768
survey_T1_to_T4_target_changes,axelrod_simulations,31,complete,10,10,343,58653,342.0,4,8,5,200000,0,265,312,3617,3617,False,target_reached,1208,801,801,True,78,0.09737827715355805,118,0.14731585518102372,116,0.14481897627965043,125,0.1560549313358302,58,0.07240948813982521,96,0.1198501872659176,94,0.11735330836454431,116,0.14481897627965043
survey_T1_to_T4_target_changes,axelrod_simulations,32,complete,10,10,343,58653,342.0,4,8,5,200000,0,265,296,3381,3381,False,target_reached,1176,801,801,True,70,0.08739076154806492,128,0.15980024968789014,118,0.14731585518102372,110,0.1373283395755306,66,0.08239700374531835,98,0.12234706616729088,111,0.13857677902621723,100,0.12484394506866417
survey_T1_to_T4_target_changes,axelrod_simulations,33,complete,10,10,343,58653,342.0,4,8,5,200000,0,265,306,3278,3278,False,target_reached,1156,801,801,True,90,0.11235955056179775,119,0.14856429463171036,115,0.14357053682896379,112,0.13982521847690388,59,0.07365792759051186,89,0.1111111111111111,105,0.13108614232209737,112,0.13982521847690388
survey_T1_to_T4_target_changes,axelrod_simulations,34,complete,10,10,343,58653,342.0,4,8,5,200000,0,265,312,3595,3595,False,target_reached,1173,801,801,True,86,0.10736579275905118,107,0.13358302122347065,93,0.11610486891385768,119,0.14856429463171036,75,0.09363295880149813,96,0.1198501872659176,115,0.14357053682896379,110,0.1373283395755306
survey_T1_to_T4_target_changes,axelrod_simulations,35,complete,10,10,343,58653,342.0,4,8,5,200000,0,265,290,3442,3442,False,target_reached,1162,801,801,True,79,0.0986267166042447,113,0.14107365792759052,116,0.14481897627965043,126,0.15730337078651685,54,0.06741573033707865,88,0.10986267166042447,124,0.15480649188514356,101,0.12609238451935081
survey_T1_to_T4_target_changes,axelrod_simulations,36,complete,10,10,343,58653,342.0,4,8,5,200000,0,265,329,3257,3257,False,target_reached,1148,801,801,True,77,0.09612983770287141,107,0.13358302122347065,129,0.16104868913857678,124,0.15480649188514356,60,0.0749063670411985,94,0.11735330836454431,109,0.13607990012484394,101,0.12609238451935081
survey_T1_to_T4_target_changes,axelrod_simulations,37,complete,10,10,343,58653,342.0,4,8,5,200000,0,265,299,3711,3711,False,target_reached,1192,801,801,True,81,0.10112359550561797,126,0.15730337078651685,123,0.15355805243445692,107,0.13358302122347065,61,0.07615480649188515,96,0.1198501872659176,110,0.1373283395755306,97,0.12109862671660425
survey_T1_to_T4_target_changes,axelrod_simulations,38,complete,10,10,343,58653,342.0,4,8,5,200000,0,265,318,3390,3390,False,target_reached,1118,801,801,True,82,0.10237203495630462,117,0.14606741573033707,119,0.14856429463171036,115,0.14357053682896379,80,0.09987515605493133,84,0.10486891385767791,106,0.132334581772784,98,0.12234706616729088
survey_T1_to_T4_target_changes,axelrod_simulations,39,complete,10,10,343,58653,342.0,4,8,5,200000,0,265,312,3450,3450,False,target_reached,1176,801,801,True,89,0.1111111111111111,100,0.12484394506866417,105,0.13108614232209737,107,0.13358302122347065,73,0.09113607990012484,103,0.1285892634207241,113,0.14107365792759052,111,0.13857677902621723
survey_T1_to_T4_target_changes,axelrod_simulations,40,complete,10,10,343,58653,342.0,4,8,5,200000,0,265,308,3619,3619,False,target_reached,1203,801,801,True,90,0.11235955056179775,112,0.13982521847690388,109,0.13607990012484394,105,0.13108614232209737,70,0.08739076154806492,94,0.11735330836454431,111,0.13857677902621723,110,0.1373283395755306
survey_T1_to_T4_target_changes,axelrod_simulations,41,complete,10,10,343,58653,342.0,4,8,5,200000,0,265,314,3528,3528,False,target_reached,1172,801,801,True,76,0.09488139825218476,130,0.16229712858926343,116,0.14481897627965043,105,0.13108614232209737,86,0.10736579275905118,90,0.11235955056179775,100,0.12484394506866417,98,0.12234706616729088
survey_T1_to_T4_target_changes,axelrod_simulations,42,complete,10,10,343,58653,342.0,4,8,5,200000,0,265,302,3344,3344,False,target_reached,1128,801,801,True,79,0.0986267166042447,119,0.14856429463171036,109,0.13607990012484394,105,0.13108614232209737,59,0.07365792759051186,94,0.11735330836454431,125,0.1560549313358302,111,0.13857677902621723
survey_T1_to_T4_target_changes,axelrod_simulations,43,complete,10,10,343,58653,342.0,4,8,5,200000,0,265,312,3758,3758,False,target_reached,1228,801,801,True,76,0.09488139825218476,116,0.14481897627965043,127,0.1585518102372035,122,0.1523096129837703,58,0.07240948813982521,89,0.1111111111111111,105,0.13108614232209737,108,0.1348314606741573
survey_T1_to_T4_target_changes,axelrod_simulations,44,complete,10,10,343,58653,342.0,4,8,5,200000,0,265,315,3529,3529,False,target_reached,1164,801,801,True,91,0.1136079900124844,118,0.14731585518102372,112,0.13982521847690388,120,0.149812734082397,79,0.0986267166042447,93,0.11610486891385768,109,0.13607990012484394,79,0.0986267166042447
survey_T1_to_T4_target_changes,axelrod_simulations,45,complete,10,10,343,58653,342.0,4,8,5,200000,0,265,313,3493,3493,False,target_reached,1175,801,801,True,93,0.11610486891385768,106,0.132334581772784,127,0.1585518102372035,110,0.1373283395755306,72,0.0898876404494382,85,0.10611735330836454,100,0.12484394506866417,108,0.1348314606741573
survey_T1_to_T4_target_changes,axelrod_simulations,46,complete,10,10,343,58653,342.0,4,8,5,200000,0,265,308,3567,3567,False,target_reached,1193,801,801,True,84,0.10486891385767791,126,0.15730337078651685,122,0.1523096129837703,118,0.14731585518102372,63,0.07865168539325842,84,0.10486891385767791,97,0.12109862671660425,107,0.13358302122347065
survey_T1_to_T4_target_changes,axelrod_simulations,47,complete,10,10,343,58653,342.0,4,8,5,200000,0,265,317,3701,3701,False,target_reached,1187,801,801,True,64,0.07990012484394507,113,0.14107365792759052,131,0.16354556803995007,120,0.149812734082397,83,0.10362047440699126,85,0.10611735330836454,102,0.12734082397003746,103,0.1285892634207241
survey_T1_to_T4_target_changes,axelrod_simulations,48,complete,10,10,343,58653,342.0,4,8,5,200000,0,265,306,3660,3660,False,target_reached,1162,801,801,True,79,0.0986267166042447,102,0.12734082397003746,118,0.14731585518102372,123,0.15355805243445692,67,0.08364544319600499,85,0.10611735330836454,109,0.13607990012484394,118,0.14731585518102372
survey_T1_to_T4_target_changes,axelrod_simulations,49,complete,10,10,343,58653,342.0,4,8,5,200000,0,265,313,3355,3355,False,target_reached,1113,801,801,True,71,0.08863920099875156,123,0.15355805243445692,132,0.1647940074906367,111,0.13857677902621723,79,0.0986267166042447,79,0.0986267166042447,104,0.12983770287141075,102,0.12734082397003746
